{"cameraMode":{"drawMode":2,"name":"Shaded Wireframe","section":"Shading Mode"},"sceneLighting":true,"audioPlay":false,"sceneViewState":{"m_AlwaysRefresh":false,"showFog":true,"showSkybox":true,"showFlares":true,"showImageEffects":true,"showParticleSystems":true,"showVisualEffectGraphs":true,"m_FxEnabled":true},"in2DMode":false,"pivot":{"x":-173.35621643066407,"y":-633.2496337890625,"z":47.004913330078128},"rotation":{"x":0.4837103486061096,"y":-0.0052513559348881248,"z":0.0029021543450653555,"w":0.8752092719078064},"size":967.5869750976563,"orthographic":false}